id;Date;Time;Header;Body
1;10.02.2023;13:46;dfssd;323fczzgbfgf
2;10.02.2023;11:28;change header;change body
6;11.02.2023;12:06;edit head;edit body
7;11.02.2023;12:11;156ыфва;вафу54акиы
9;13.02.2023;12:12;6ркви564а3цсф;н564пвнре34ц
10;14.02.2023;13:38;65доио;84641поиппмолр
11;14.02.2023;13:39;test;test test test
13;14.02.2023;12:06;edit head;edit body
14;14.02.2023;12:11;156ыфва;вафу54акиы
15;14.02.2023;12:12;ппиввыас34ак;32кым
16;14.02.2023;12:12;6ркви564а3цсф;н564пвнре34ц
17;14.02.2023;13:32;65;84641
18;14.02.2023;13:35;jgfe;43ergrtrf
19;14.02.2023;13:40;test2;test2test2test2
